name,type,rating,user_ratings_total,address,maps_url,wilson_score
Mirch Mantra / Elaichi Tea,Takeout Restaurant,5,120,"4300 Chantilly Shopping Center Ste 2F, Chantilly",https://maps.google.com/?cid=3240774437172451921&g_mp=Cilnb29nbGUubWFwcy5wbGFjZXMudjEuUGxhY2VzLlNlYXJjaE5lYXJieRACGAQgAA,0.9689808335812966
Uptown Cafe at Westfields,Cafe,4.9,558,"4973 Westcroft Blvd, Chantilly",https://maps.google.com/?cid=13206687530218754238&g_mp=Cilnb29nbGUubWFwcy5wbGFjZXMudjEuUGxhY2VzLlNlYXJjaE5lYXJieRACGAQgAA,0.9286410924144985
Expo Cafe & Grill / Halal Eatz,Restaurant,4.9,221,"4265A Brookfield Corporate Dr A, Chantilly",https://maps.google.com/?cid=16630412390903693961&g_mp=Cilnb29nbGUubWFwcy5wbGFjZXMudjEuUGxhY2VzLlNlYXJjaE5lYXJieRACGAQgAA,0.912804767892604
Sushi Kabuki,Japanese Restaurant,4.9,200,"2533 John Milton Dr, Herndon",https://maps.google.com/?cid=7310709572131698634&g_mp=Cilnb29nbGUubWFwcy5wbGFjZXMudjEuUGxhY2VzLlNlYXJjaE5lYXJieRACGAQgAA,0.9104218518612242
Momo and Baozi,Restaurant,4.9,95,"4221 Walney Rd, Chantilly",https://maps.google.com/?cid=719123834618951541&g_mp=Cilnb29nbGUubWFwcy5wbGFjZXMudjEuUGxhY2VzLlNlYXJjaE5lYXJieRACGAQgAA,0.8861216781338803
Chantilly Biryani Grill,Restaurant,4.8,1502,"13635 US-50, Chantilly",https://maps.google.com/?cid=14546816733056565443&g_mp=Cilnb29nbGUubWFwcy5wbGFjZXMudjEuUGxhY2VzLlNlYXJjaE5lYXJieRACGAQgAA,0.8837929238856114
Cozmo One,Grocery Store,4.8,1443,"14201 Sullyfield Cir #100, Chantilly",https://maps.google.com/?cid=463974859827017097&g_mp=Cilnb29nbGUubWFwcy5wbGFjZXMudjEuUGxhY2VzLlNlYXJjaE5lYXJieRACGAQgAA,0.8834433362379214
Saigon Bistro Chantilly,Vietnamese Restaurant,4.8,621,"13924 US-50, Chantilly",https://maps.google.com/?cid=10267208378229633451&g_mp=Cilnb29nbGUubWFwcy5wbGFjZXMudjEuUGxhY2VzLlNlYXJjaE5lYXJieRACGAQgAA,0.8738900945385115
Los carnales tex mex grill,Restaurant,4.8,483,"14511 Lee Jackson Mem Hwy, Chantilly",https://maps.google.com/?cid=1032195161840654583&g_mp=Cilnb29nbGUubWFwcy5wbGFjZXMudjEuUGxhY2VzLlNlYXJjaE5lYXJieRACGAQgAA,0.8700088396751094
honeygrow,Restaurant,4.8,187,"13044 Fair Lakes Shopping Center, Fairfax",https://maps.google.com/?cid=9871383807786826004&g_mp=Cilnb29nbGUubWFwcy5wbGFjZXMudjEuUGxhY2VzLlNlYXJjaE5lYXJieRACGAQgAA,0.8486304373880231
ALOHA CREW Kitchen,Hawaiian Restaurant,4.9,48,"4520 Daly Dr #102, Chantilly",https://maps.google.com/?cid=3362900423110287089&g_mp=Cilnb29nbGUubWFwcy5wbGFjZXMudjEuUGxhY2VzLlNlYXJjaE5lYXJieRACGAQgAA,0.8485987216884466
Taco Zocalo Sully Plaza,Mexican Restaurant,4.8,177,"13938 US-50, Chantilly",https://maps.google.com/?cid=18382600946435574581&g_mp=Cilnb29nbGUubWFwcy5wbGFjZXMudjEuUGxhY2VzLlNlYXJjaE5lYXJieRACGAQgAA,0.8469611570506755
Lazy Dog Restaurant & Bar,Restaurant,4.7,4489,"14335-14350, 14333 Newbrook Dr, Chantilly",https://maps.google.com/?cid=428598134490203195&g_mp=Cilnb29nbGUubWFwcy5wbGFjZXMudjEuUGxhY2VzLlNlYXJjaE5lYXJieRACGAQgAA,0.8392554431144679
Ottoman Kitchen,Turkish Restaurant,4.7,1641,"4300 Chantilly Shopping Center #1n, Chantilly",https://maps.google.com/?cid=985979104062924109&g_mp=Cilnb29nbGUubWFwcy5wbGFjZXMudjEuUGxhY2VzLlNlYXJjaE5lYXJieRACGAQgAA,0.8319071993343504
Dolan Uyghur Restaurant,Restaurant,4.7,1615,"13872 Metrotech Dr, Chantilly",https://maps.google.com/?cid=13594453485072971578&g_mp=Cilnb29nbGUubWFwcy5wbGFjZXMudjEuUGxhY2VzLlNlYXJjaE5lYXJieRACGAQgAA,0.8317555816496578
MISSION BBQ,Barbecue Restaurant,4.7,1366,"13067-J Lee Jackson Mem Hwy, Fairfax",https://maps.google.com/?cid=11178409214912540666&g_mp=Cilnb29nbGUubWFwcy5wbGFjZXMudjEuUGxhY2VzLlNlYXJjaE5lYXJieRACGAQgAA,0.8300840585351741
CAFEIN,Coffee Shop,4.7,1329,"13924 Metrotech Dr, Chantilly",https://maps.google.com/?cid=3717886487754975427&g_mp=Cilnb29nbGUubWFwcy5wbGFjZXMudjEuUGxhY2VzLlNlYXJjaE5lYXJieRACGAQgAA,0.829795082540591
Megabytes Eatery,Asian Fusion Restaurant,4.7,657,"14100 Sullyfield Cir #100, Chantilly",https://maps.google.com/?cid=16351395466118790122&g_mp=Cilnb29nbGUubWFwcy5wbGFjZXMudjEuUGxhY2VzLlNlYXJjaE5lYXJieRACGAQgAA,0.8206653753517398
Capital Musubi,Hawaiian Restaurant,4.7,633,"14385 Newbrook Dr Ste 201, Chantilly",https://maps.google.com/?cid=11601774876521208741&g_mp=Cilnb29nbGUubWFwcy5wbGFjZXMudjEuUGxhY2VzLlNlYXJjaE5lYXJieRACGAQgAA,0.8200761333824891
Yaki Sushi,Sushi Restaurant,4.7,608,"4088 Airline Pkwy, Chantilly",https://maps.google.com/?cid=3884389775389632971&g_mp=Cilnb29nbGUubWFwcy5wbGFjZXMudjEuUGxhY2VzLlNlYXJjaE5lYXJieRACGAQgAA,0.8194240010654094
Ono Brewing Company,Brewery,4.7,542,"4520 Daly Dr #102, Chantilly",https://maps.google.com/?cid=7956224619430409811&g_mp=Cilnb29nbGUubWFwcy5wbGFjZXMudjEuUGxhY2VzLlNlYXJjaE5lYXJieRACGAQgAA,0.8174806669750119
Wooboi Hot Chicken,Restaurant,4.7,287,"12721 Shoppes Ln, Fairfax",https://maps.google.com/?cid=3352969126278372115&g_mp=Cilnb29nbGUubWFwcy5wbGFjZXMudjEuUGxhY2VzLlNlYXJjaE5lYXJieRACGAQgAA,0.8040806636984517
South Block,Restaurant,4.7,261,"14335-14350, 14383 Newbrook Dr Ste 200, Chantilly",https://maps.google.com/?cid=4084311526112877383&g_mp=Cilnb29nbGUubWFwcy5wbGFjZXMudjEuUGxhY2VzLlNlYXJjaE5lYXJieRACGAQgAA,0.8016205901668386
Farmside Kitchen - Chantilly,American Restaurant,4.7,235,"14385 Newbrook Dr Ste 500, Chantilly",https://maps.google.com/?cid=15486937709523750513&g_mp=Cilnb29nbGUubWFwcy5wbGFjZXMudjEuUGxhY2VzLlNlYXJjaE5lYXJieRACGAQgAA,0.7987377809656423
Ah Leng Chicken and Rice,Thai Restaurant,4.8,56,"inside Lotte Chantilly, 13955 Metrotech Dr, Chantilly",https://maps.google.com/?cid=6118906511820556524&g_mp=Cilnb29nbGUubWFwcy5wbGFjZXMudjEuUGxhY2VzLlNlYXJjaE5lYXJieRACGAQgAA,0.7940928039340962
Moda Cafe & Restaurant,Restaurant,4.6,3370,"14513 Lee Jackson Mem Hwy # J, Chantilly",https://maps.google.com/?cid=695539747591810696&g_mp=Cilnb29nbGUubWFwcy5wbGFjZXMudjEuUGxhY2VzLlNlYXJjaE5lYXJieRACGAQgAA,0.7861568340433641
Clean Eatz,Restaurant,4.7,157,"5053A Westfields Blvd, Centreville",https://maps.google.com/?cid=9931846624106961946&g_mp=Cilnb29nbGUubWFwcy5wbGFjZXMudjEuUGxhY2VzLlNlYXJjaE5lYXJieRACGAQgAA,0.7858283672044806
Mellow Mushroom Chantilly,Pizza Restaurant,4.6,2856,"14335-14350, 14335 Newbrook Dr, Chantilly",https://maps.google.com/?cid=2737574083050023521&g_mp=Cilnb29nbGUubWFwcy5wbGFjZXMudjEuUGxhY2VzLlNlYXJjaE5lYXJieRACGAQgAA,0.7849313843247218
Chick-fil-A,Fast Food Restaurant,4.6,2810,"4516 Fair Knoll Dr, Fairfax",https://maps.google.com/?cid=3203457377890207245&g_mp=Cilnb29nbGUubWFwcy5wbGFjZXMudjEuUGxhY2VzLlNlYXJjaE5lYXJieRACGAQgAA,0.7848053161482779
Shree Ganapathi Kitchen,South Indian Restaurant,4.7,131,"Food Court, Lotte Plaza, 13955 Metrotech Dr Ste 1, Chantilly",https://maps.google.com/?cid=720391050364203473&g_mp=Cilnb29nbGUubWFwcy5wbGFjZXMudjEuUGxhY2VzLlNlYXJjaE5lYXJieRACGAQgAA,0.7789410491529517
FiLLi Cafe | Chantilly - VA,Cafe,4.6,1005,"13881 Metrotech Dr # G, Chantilly",https://maps.google.com/?cid=1980567136479928201&g_mp=Cilnb29nbGUubWFwcy5wbGFjZXMudjEuUGxhY2VzLlNlYXJjaE5lYXJieRACGAQgAA,0.7741483175667214
Yu Noodles,Chinese Restaurant,4.7,106,"13930 Metrotech Dr, Chantilly",https://maps.google.com/?cid=11025874570741708206&g_mp=Cilnb29nbGUubWFwcy5wbGFjZXMudjEuUGxhY2VzLlNlYXJjaE5lYXJieRACGAQgAA,0.7698709808706214
Piero's Corner,Italian Restaurant,4.6,684,"13340 Franklin Farm Rd, Herndon",https://maps.google.com/?cid=4925489973302947715&g_mp=Cilnb29nbGUubWFwcy5wbGFjZXMudjEuUGxhY2VzLlNlYXJjaE5lYXJieRACGAQgAA,0.7683850279675019
Taco Zocalo,Taco Restaurant,4.6,535,"14506-D Lee Rd, Chantilly",https://maps.google.com/?cid=10877712858856012349&g_mp=Cilnb29nbGUubWFwcy5wbGFjZXMudjEuUGxhY2VzLlNlYXJjaE5lYXJieRACGAQgAA,0.7640199997295127
Karé Bar,Japanese Curry Restaurant,4.6,340,"13912 Metrotech Dr, Chantilly",https://maps.google.com/?cid=14952723595710528943&g_mp=Cilnb29nbGUubWFwcy5wbGFjZXMudjEuUGxhY2VzLlNlYXJjaE5lYXJieRACGAQgAA,0.7542362903198583
Chorus Karaoke,Bar,4.6,218,"13926 Metrotech Dr, Chantilly",https://maps.google.com/?cid=17715263951802459600&g_mp=Cilnb29nbGUubWFwcy5wbGFjZXMudjEuUGxhY2VzLlNlYXJjaE5lYXJieRACGAQgAA,0.7419129347251179
Silver Diner,Restaurant,4.5,4901,"12250 Fair Lakes Pkwy, Fairfax",https://maps.google.com/?cid=15515778849524363427&g_mp=Cilnb29nbGUubWFwcy5wbGFjZXMudjEuUGxhY2VzLlNlYXJjaE5lYXJieRACGAQgAA,0.7376844712913132
Hao by Haoru,Restaurant,4.6,187,"13005-L Lee Jackson Mem Hwy, Fairfax",https://maps.google.com/?cid=12500209048804099004&g_mp=Cilnb29nbGUubWFwcy5wbGFjZXMudjEuUGxhY2VzLlNlYXJjaE5lYXJieRACGAQgAA,0.736890139137395
Guapo's Cocina & Bar,Mexican Restaurant,4.5,3078,"13050 Fair Lakes Shopping Center, Fairfax",https://maps.google.com/?cid=5610677586960348510&g_mp=Cilnb29nbGUubWFwcy5wbGFjZXMudjEuUGxhY2VzLlNlYXJjaE5lYXJieRACGAQgAA,0.734397453641686
The Burger Shack - Chantilly,Hamburger Restaurant,4.5,2455,"13661 Lee Jackson Mem Hwy, Chantilly",https://maps.google.com/?cid=2439293054136094994&g_mp=Cilnb29nbGUubWFwcy5wbGFjZXMudjEuUGxhY2VzLlNlYXJjaE5lYXJieRACGAQgAA,0.7324897094179855
Chick-fil-A,Fast Food Restaurant,4.5,2228,"4201 Chantilly Shopping Center, Chantilly",https://maps.google.com/?cid=12810843076196281128&g_mp=Cilnb29nbGUubWFwcy5wbGFjZXMudjEuUGxhY2VzLlNlYXJjaE5lYXJieRACGAQgAA,0.7315999662673643
Chick-fil-A,Fast Food Restaurant,4.5,1680,"3454 Historic Sully Way, Chantilly",https://maps.google.com/?cid=14302800408446203231&g_mp=Cilnb29nbGUubWFwcy5wbGFjZXMudjEuUGxhY2VzLlNlYXJjaE5lYXJieRACGAQgAA,0.7287395295952673
CAVA,Mediterranean Restaurant,4.5,1446,"14337 Newbrook Dr Ste 500, Chantilly",https://maps.google.com/?cid=18315202613453714022&g_mp=Cilnb29nbGUubWFwcy5wbGFjZXMudjEuUGxhY2VzLlNlYXJjaE5lYXJieRACGAQgAA,0.7270388751061049
Taco Lagos,Taco Restaurant,4.6,140,"14511Q, US-50, Chantilly",https://maps.google.com/?cid=6746716661785618163&g_mp=Cilnb29nbGUubWFwcy5wbGFjZXMudjEuUGxhY2VzLlNlYXJjaE5lYXJieRACGAQgAA,0.7261308550867981
Eggholic - Indian Street Food,Indian Restaurant,4.5,1172,"13951 Metrotech Dr, Chantilly",https://maps.google.com/?cid=1617096042267982317&g_mp=Cilnb29nbGUubWFwcy5wbGFjZXMudjEuUGxhY2VzLlNlYXJjaE5lYXJieRACGAQgAA,0.7244198296561728
The Field at Commonwealth,Shopping Mall,4.5,1093,"14335-14350, Newbrook Dr, Chantilly",https://maps.google.com/?cid=8842483790046953818&g_mp=Cilnb29nbGUubWFwcy5wbGFjZXMudjEuUGxhY2VzLlNlYXJjaE5lYXJieRACGAQgAA,0.7234837106861277
Bonefish Grill,Seafood Restaurant,4.5,1016,"13005 Lee Jackson Mem Hwy, Fairfax",https://maps.google.com/?cid=14323564830869246616&g_mp=Cilnb29nbGUubWFwcy5wbGFjZXMudjEuUGxhY2VzLlNlYXJjaE5lYXJieRACGAQgAA,0.7224660828401274
Tropical Smoothie Cafe - Herndon Franklin Farm village centre,Juice Shop,4.6,121,"13344B Franklin Farm Rd, Herndon",https://maps.google.com/?cid=10864445368143877690&g_mp=Cilnb29nbGUubWFwcy5wbGFjZXMudjEuUGxhY2VzLlNlYXJjaE5lYXJieRACGAQgAA,0.719997843905314
Chicken Salad Chick,Chicken Restaurant,4.6,118,"13057 Lee Jackson Mem Hwy Unit 36, Fairfax",https://maps.google.com/?cid=3865376162068984208&g_mp=Cilnb29nbGUubWFwcy5wbGFjZXMudjEuUGxhY2VzLlNlYXJjaE5lYXJieRACGAQgAA,0.7188895792810182
Ocean Paradise Restaurant & Bar,Seafood Restaurant,4.5,609,"3903 Fair Ridge Dr Unit I, Fairfax",https://maps.google.com/?cid=3409324565283251007&g_mp=Cilnb29nbGUubWFwcy5wbGFjZXMudjEuUGxhY2VzLlNlYXJjaE5lYXJieRACGAQgAA,0.7141144628185025
Cafe At Liberty Three,Cafe,4.9,14,"14668 Lee Rd, Chantilly",https://maps.google.com/?cid=203929080710017779&g_mp=Cilnb29nbGUubWFwcy5wbGFjZXMudjEuUGxhY2VzLlNlYXJjaE5lYXJieRACGAQgAA,0.7130569048190348
Gallery Cafe,Brunch Restaurant,4.7,40,"14291 Park Meadow Dr, Chantilly",https://maps.google.com/?cid=7970789060599586045&g_mp=Cilnb29nbGUubWFwcy5wbGFjZXMudjEuUGxhY2VzLlNlYXJjaE5lYXJieRACGAQgAA,0.709276756335103
Pupatella,Pizza Restaurant,4.5,445,"13619 Lee Jackson Memorial Hwy Service Rd, Chantilly",https://maps.google.com/?cid=17879440720706263310&g_mp=Cilnb29nbGUubWFwcy5wbGFjZXMudjEuUGxhY2VzLlNlYXJjaE5lYXJieRACGAQgAA,0.7077440489984754
El Fresco Tex-Mex Grill,Mexican Restaurant,4.5,427,"13970 Metrotech Dr, Chantilly",https://maps.google.com/?cid=193609402935616&g_mp=Cilnb29nbGUubWFwcy5wbGFjZXMudjEuUGxhY2VzLlNlYXJjaE5lYXJieRACGAQgAA,0.7068227948445953
Pho VietFresh,Vietnamese Restaurant,4.5,412,"13340 Franklin Farm Rd, Herndon",https://maps.google.com/?cid=8545587482188321366&g_mp=Cilnb29nbGUubWFwcy5wbGFjZXMudjEuUGxhY2VzLlNlYXJjaE5lYXJieRACGAQgAA,0.706008175425478
Hangry Joe’s Hot Chicken,Chicken Restaurant,4.5,326,"13005-R Lee Jackson Memorial Hwy Service Rd, Fairfax",https://maps.google.com/?cid=9599955236876043973&g_mp=Cilnb29nbGUubWFwcy5wbGFjZXMudjEuUGxhY2VzLlNlYXJjaE5lYXJieRACGAQgAA,0.7002677520801364
Wingstop,Chicken Wings Restaurant,4.5,235,"13916 Lee Jackson Mem Hwy Suite 22, Chantilly",https://maps.google.com/?cid=428711063928431673&g_mp=Cilnb29nbGUubWFwcy5wbGFjZXMudjEuUGxhY2VzLlNlYXJjaE5lYXJieRACGAQgAA,0.6909166955454281
Rice Culture - Taiyaki & Ice Cream,Ice Cream Shop,4.5,229,"14408 Chantilly Crossing Ln, Chantilly",https://maps.google.com/?cid=2699308096074434570&g_mp=Cilnb29nbGUubWFwcy5wbGFjZXMudjEuUGxhY2VzLlNlYXJjaE5lYXJieRACGAQgAA,0.6901043223164669
Texas Roadhouse,Steak House,4.4,3703,"4993 Westone Plz, Chantilly",https://maps.google.com/?cid=4089470536604892857&g_mp=Cilnb29nbGUubWFwcy5wbGFjZXMudjEuUGxhY2VzLlNlYXJjaE5lYXJieRACGAQgAA,0.6850391168717073
Sully Cafe,Deli,4.5,187,"14240 Sullyfield Cir # B, Chantilly",https://maps.google.com/?cid=11859534834105283471&g_mp=Cilnb29nbGUubWFwcy5wbGFjZXMudjEuUGxhY2VzLlNlYXJjaE5lYXJieRACGAQgAA,0.683327471933281
LongHorn Steakhouse,Steak House,4.4,2475,"14056 Thunderbolt Pl, Chantilly",https://maps.google.com/?cid=16830232554595445968&g_mp=Cilnb29nbGUubWFwcy5wbGFjZXMudjEuUGxhY2VzLlNlYXJjaE5lYXJieRACGAQgAA,0.6816475295225148
Willard's Real Pit BBQ,Barbecue Restaurant,4.4,2267,"4300 Chantilly Shopping Center #1A, Chantilly",https://maps.google.com/?cid=2959875173063010367&g_mp=Cilnb29nbGUubWFwcy5wbGFjZXMudjEuUGxhY2VzLlNlYXJjaE5lYXJieRACGAQgAA,0.6808106754410956
Bourbon Boulevard Steakhouse - Chantilly,Steak House,4.4,2027,"4301 Chantilly Shopping Center, Chantilly",https://maps.google.com/?cid=1609350880375055550&g_mp=Cilnb29nbGUubWFwcy5wbGFjZXMudjEuUGxhY2VzLlNlYXJjaE5lYXJieRACGAQgAA,0.6796875274294489
Tony's NY Pizza,Pizza Restaurant,4.4,1365,"13087 Fair Lakes Shopping Center, Fairfax",https://maps.google.com/?cid=6063797580122804085&g_mp=Cilnb29nbGUubWFwcy5wbGFjZXMudjEuUGxhY2VzLlNlYXJjaE5lYXJieRACGAQgAA,0.6751560154484426
Ocean Crab,Seafood Restaurant,4.4,846,"14005 Lee Jackson Memorial Hwy Service Rd, Chantilly",https://maps.google.com/?cid=8217423540064224207&g_mp=Cilnb29nbGUubWFwcy5wbGFjZXMudjEuUGxhY2VzLlNlYXJjaE5lYXJieRACGAQgAA,0.6682729050140785
Checkers Deli & Cafe,Deli,4.5,122,"4270 Henninger Ct # A, Chantilly",https://maps.google.com/?cid=1742781956616839026&g_mp=Cilnb29nbGUubWFwcy5wbGFjZXMudjEuUGxhY2VzLlNlYXJjaE5lYXJieRACGAQgAA,0.6663296566163392
Ocha Thai Kitchen and Cafe,Thai Restaurant,4.4,684,"5037 Westfields Blvd, Centreville",https://maps.google.com/?cid=5390374438596797558&g_mp=Cilnb29nbGUubWFwcy5wbGFjZXMudjEuUGxhY2VzLlNlYXJjaE5lYXJieRACGAQgAA,0.6646185365053132
SMOKI KABOBS,Afghan restaurant,4.4,554,"4500 Daly Dr suite 200, Chantilly",https://maps.google.com/?cid=8032348247607828447&g_mp=Cilnb29nbGUubWFwcy5wbGFjZXMudjEuUGxhY2VzLlNlYXJjaE5lYXJieRACGAQgAA,0.6605699096785077
Buon Appetito New York Pizza,Pizza Restaurant,4.4,549,"13932 Metrotech Dr, Chantilly",https://maps.google.com/?cid=14555643716036472928&g_mp=Cilnb29nbGUubWFwcy5wbGFjZXMudjEuUGxhY2VzLlNlYXJjaE5lYXJieRACGAQgAA,0.6603855359853958
Lucia's Italian Ristorante - Herndon,Italian Restaurant,4.4,524,"2531 John Milton Dr, Herndon",https://maps.google.com/?cid=12502115897264207687&g_mp=Cilnb29nbGUubWFwcy5wbGFjZXMudjEuUGxhY2VzLlNlYXJjaE5lYXJieRACGAQgAA,0.6594237488573322
La Ong Thai Bistro,Thai Restaurant,4.4,493,"2521 John Milton Dr, Herndon",https://maps.google.com/?cid=4686949115101782361&g_mp=Cilnb29nbGUubWFwcy5wbGFjZXMudjEuUGxhY2VzLlNlYXJjaE5lYXJieRACGAQgAA,0.658129204293254
Foster's Grille,American Restaurant,4.4,492,"5007 Westone Plz, Chantilly",https://maps.google.com/?cid=17193076859977638037&g_mp=Cilnb29nbGUubWFwcy5wbGFjZXMudjEuUGxhY2VzLlNlYXJjaE5lYXJieRACGAQgAA,0.658085383637576
Super Pho,Vietnamese Restaurant,4.4,465,"3065 Centreville Rd, Herndon",https://maps.google.com/?cid=17221368875041013676&g_mp=Cilnb29nbGUubWFwcy5wbGFjZXMudjEuUGxhY2VzLlNlYXJjaE5lYXJieRACGAQgAA,0.6568483694243898
Cheng's Asian House,Chinese Restaurant,4.4,449,"4090 Airline Pkwy Ste G, Chantilly",https://maps.google.com/?cid=11911803025142682704&g_mp=Cilnb29nbGUubWFwcy5wbGFjZXMudjEuUGxhY2VzLlNlYXJjaE5lYXJieRACGAQgAA,0.6560622964826316
Firehouse Subs Chantilly,Sandwich Shop,4.4,385,"13812 Metrotech Dr, Chantilly",https://maps.google.com/?cid=13696796231995296866&g_mp=Cilnb29nbGUubWFwcy5wbGFjZXMudjEuUGxhY2VzLlNlYXJjaE5lYXJieRACGAQgAA,0.6524330914337826
Rawal Kabob,Kebab Shop,4.4,356,"14513 Lee Jackson Mem Hwy F, Chantilly",https://maps.google.com/?cid=17841809883312993174&g_mp=Cilnb29nbGUubWFwcy5wbGFjZXMudjEuUGxhY2VzLlNlYXJjaE5lYXJieRACGAQgAA,0.6504687467800125
CHICHA San Chen,Restaurant,4.4,279,"12715 Shoppes Ln, Fairfax",https://maps.google.com/?cid=11555415257607429425&g_mp=Cilnb29nbGUubWFwcy5wbGFjZXMudjEuUGxhY2VzLlNlYXJjaE5lYXJieRACGAQgAA,0.6438091044740071
Greenbriar Town Center,Shopping Mall,4.3,3493,"13043 Lee Jackson Memorial Hwy Service Rd, Fairfax",https://maps.google.com/?cid=850260187429622781&g_mp=Cilnb29nbGUubWFwcy5wbGFjZXMudjEuUGxhY2VzLlNlYXJjaE5lYXJieRACGAQgAA,0.6340254888553983
Halal Hunan Village Chantilly,Restaurant,4.4,195,"14513 Lee Jackson Mem Hwy B, Chantilly",https://maps.google.com/?cid=17056035944834312905&g_mp=Cilnb29nbGUubWFwcy5wbGFjZXMudjEuUGxhY2VzLlNlYXJjaE5lYXJieRACGAQgAA,0.6323242305209517
Anita's New Mexico Style Mexican Food,Mexican Restaurant,4.3,2057,"13921 US-50, Chantilly",https://maps.google.com/?cid=17217644373363463050&g_mp=Cilnb29nbGUubWFwcy5wbGFjZXMudjEuUGxhY2VzLlNlYXJjaE5lYXJieRACGAQgAA,0.62912564614333
Red Robin Gourmet Burgers and Brews,Restaurant,4.3,1820,"14450 Chantilly Crossing Ln, Chantilly",https://maps.google.com/?cid=4399932867788051177&g_mp=Cilnb29nbGUubWFwcy5wbGFjZXMudjEuUGxhY2VzLlNlYXJjaE5lYXJieRACGAQgAA,0.6277918090657686
First Watch,Breakfast Restaurant,4.3,1651,"13027 Lee Jackson Mem Hwy, Fairfax",https://maps.google.com/?cid=1019501485877903488&g_mp=Cilnb29nbGUubWFwcy5wbGFjZXMudjEuUGxhY2VzLlNlYXJjaE5lYXJieRACGAQgAA,0.6266686009990678
Santini's New York Style Deli - Chantilly,Sandwich Shop,4.3,1263,"3980 Corsair Ct, Chantilly",https://maps.google.com/?cid=10890635216566362877&g_mp=Cilnb29nbGUubWFwcy5wbGFjZXMudjEuUGxhY2VzLlNlYXJjaE5lYXJieRACGAQgAA,0.6232761997661792
"Sakura Japanese Steak, Seafood House & Sushi Bar",Restaurant,4.3,1051,"12950 Fair Lakes Shopping Center, Fairfax",https://maps.google.com/?cid=14298234832952918692&g_mp=Cilnb29nbGUubWFwcy5wbGFjZXMudjEuUGxhY2VzLlNlYXJjaE5lYXJieRACGAQgAA,0.6206649502090145
Fox Mill Shopping Center,Shopping Mall,4.3,952,"2551 John Milton Dr, Herndon",https://maps.google.com/?cid=15829621612755357490&g_mp=Cilnb29nbGUubWFwcy5wbGFjZXMudjEuUGxhY2VzLlNlYXJjaE5lYXJieRACGAQgAA,0.6191536534342554
King Pollo of Chantilly,Peruvian Restaurant,4.3,880,"4080 Airline Pkwy, Chantilly",https://maps.google.com/?cid=15594545687439895635&g_mp=Cilnb29nbGUubWFwcy5wbGFjZXMudjEuUGxhY2VzLlNlYXJjaE5lYXJieRACGAQgAA,0.6178962935825877
Crossroads,Bar,4.3,829,"13891 Metrotech Dr, Chantilly",https://maps.google.com/?cid=13990805864542790344&g_mp=Cilnb29nbGUubWFwcy5wbGFjZXMudjEuUGxhY2VzLlNlYXJjaE5lYXJieRACGAQgAA,0.6169072599980787
Habit Burger & Grill,Hamburger Restaurant,4.3,810,"14335-14350, 14385 Newbrook Dr, Chantilly",https://maps.google.com/?cid=18294866909652131888&g_mp=Cilnb29nbGUubWFwcy5wbGFjZXMudjEuUGxhY2VzLlNlYXJjaE5lYXJieRACGAQgAA,0.6165148986575462
Panda House,Chinese Restaurant,4.4,129,"13320 Franklin Farm Rd Ste D, Herndon",https://maps.google.com/?cid=1952220480519475099&g_mp=Cilnb29nbGUubWFwcy5wbGFjZXMudjEuUGxhY2VzLlNlYXJjaE5lYXJieRACGAQgAA,0.6160746220460824
Rita's Italian Ice & Frozen Custard,Ice Cream Shop,4.4,124,"4299 Chantilly Shopping Center Cnt Suite 204, Chantilly",https://maps.google.com/?cid=8623006578254862473&g_mp=Cilnb29nbGUubWFwcy5wbGFjZXMudjEuUGxhY2VzLlNlYXJjaE5lYXJieRACGAQgAA,0.614326445785616
Five Guys,Fast Food Restaurant,4.3,568,"14421 Chantilly Crossing Ln, Chantilly",https://maps.google.com/?cid=12284251154231416235&g_mp=Cilnb29nbGUubWFwcy5wbGFjZXMudjEuUGxhY2VzLlNlYXJjaE5lYXJieRACGAQgAA,0.6098861832172833
Ko Hyang House,Korean Restaurant,4.3,562,"4265C Brookfield Corporate Dr, Chantilly",https://maps.google.com/?cid=18354657309863838591&g_mp=Cilnb29nbGUubWFwcy5wbGFjZXMudjEuUGxhY2VzLlNlYXJjaE5lYXJieRACGAQgAA,0.6096685721635595
Tipicos Yaneth,Restaurant,5,6,"14017 Lee Jackson Memorial Hwy Service Rd, Chantilly",https://maps.google.com/?cid=920900791840547108&g_mp=Cilnb29nbGUubWFwcy5wbGFjZXMudjEuUGxhY2VzLlNlYXJjaE5lYXJieRACGAQgAA,0.6096657120978346
Big Buns,Hamburger Restaurant,4.3,545,"13300 Franklin Farm Rd Ste G, Herndon",https://maps.google.com/?cid=8091692910376641025&g_mp=Cilnb29nbGUubWFwcy5wbGFjZXMudjEuUGxhY2VzLlNlYXJjaE5lYXJieRACGAQgAA,0.6090324095903179
Dave's Seafood & Subs,Seafood Restaurant,4.3,435,"4008 Walney Rd, Chantilly",https://maps.google.com/?cid=18434040798344885324&g_mp=Cilnb29nbGUubWFwcy5wbGFjZXMudjEuUGxhY2VzLlNlYXJjaE5lYXJieRACGAQgAA,0.6040419491256281
Pueblos Tex-Mex Grill,Tex-Mex Restaurant,4.3,345,"14335-14350, 14337 Newbrook Dr, Chantilly",https://maps.google.com/?cid=14857372196343477628&g_mp=Cilnb29nbGUubWFwcy5wbGFjZXMudjEuUGxhY2VzLlNlYXJjaE5lYXJieRACGAQgAA,0.5982685628144043
F & F,Restaurant,4.4,88,"Lotte Plaza, 13955 Metrotech Dr Ste 1, Chantilly",https://maps.google.com/?cid=10176796664528281818&g_mp=Cilnb29nbGUubWFwcy5wbGFjZXMudjEuUGxhY2VzLlNlYXJjaE5lYXJieRACGAQgAA,0.597540675387604
CAFE MOMENT,Cafe,4.3,289,"13910 Lee Jackson Memorial Hwy Service Rd, Chantilly",https://maps.google.com/?cid=7708344846969711292&g_mp=Cilnb29nbGUubWFwcy5wbGFjZXMudjEuUGxhY2VzLlNlYXJjaE5lYXJieRACGAQgAA,0.5933679856978129
WOOMIGA,Korean Barbecue Restaurant,4.3,227,"14015 Lee Jackson Memorial Hwy Service Rd, Chantilly",https://maps.google.com/?cid=704274781919180139&g_mp=Cilnb29nbGUubWFwcy5wbGFjZXMudjEuUGxhY2VzLlNlYXJjaE5lYXJieRACGAQgAA,0.585923933101646
MOMO SPOT,Restaurant,4.3,226,"13955 Metrotech Dr, Chantilly",https://maps.google.com/?cid=14305145109734466256&g_mp=Cilnb29nbGUubWFwcy5wbGFjZXMudjEuUGxhY2VzLlNlYXJjaE5lYXJieRACGAQgAA,0.5857790358286744
Eugene's Sausage & Fries at Bunnyman Brewing,Restaurant,4.5,33,"14140 Parke Long Ct A-C, Chantilly",https://maps.google.com/?cid=17857056109453454041&g_mp=Cilnb29nbGUubWFwcy5wbGFjZXMudjEuUGxhY2VzLlNlYXJjaE5lYXJieRACGAQgAA,0.5816998072438798
Olive Garden Italian Restaurant,Italian Restaurant,4.2,2309,"12980 Fair Lakes Shopping Center, Fairfax",https://maps.google.com/?cid=15499484596118714318&g_mp=Cilnb29nbGUubWFwcy5wbGFjZXMudjEuUGxhY2VzLlNlYXJjaE5lYXJieRACGAQgAA,0.5798676894498227
Jersey Mike's Subs,Sandwich Shop,4.3,187,"12703 Shoppes Ln, Fairfax",https://maps.google.com/?cid=13923544544368954967&g_mp=Cilnb29nbGUubWFwcy5wbGFjZXMudjEuUGxhY2VzLlNlYXJjaE5lYXJieRACGAQgAA,0.5792423415167611
Desi Breakfast Club,Breakfast Restaurant,4.2,1608,"3065-J Centreville Rd, Herndon",https://maps.google.com/?cid=9223403366823399100&g_mp=Cilnb29nbGUubWFwcy5wbGFjZXMudjEuUGxhY2VzLlNlYXJjaE5lYXJieRACGAQgAA,0.575844264609571
Jollibee,Chicken Restaurant,4.2,1591,"4406 Chantilly Shopping Center, Chantilly",https://maps.google.com/?cid=13972411302096095917&g_mp=Cilnb29nbGUubWFwcy5wbGFjZXMudjEuUGxhY2VzLlNlYXJjaE5lYXJieRACGAQgAA,0.5757145771495196
Bento House,Asian Restaurant,4.3,165,"4299 Chantilly Shopping Center Ste 105, Chantilly",https://maps.google.com/?cid=779910933357652303&g_mp=Cilnb29nbGUubWFwcy5wbGFjZXMudjEuUGxhY2VzLlNlYXJjaE5lYXJieRACGAQgAA,0.5745615480619146
Baek Ban Korean Restaurant (백반),Korean Restaurant,4.3,148,"13934 Metrotech Dr, Chantilly",https://maps.google.com/?cid=1695048879391168687&g_mp=Cilnb29nbGUubWFwcy5wbGFjZXMudjEuUGxhY2VzLlNlYXJjaE5lYXJieRACGAQgAA,0.570244901133607
Dwaraka's Indian Kitchen,Indian Restaurant,4.2,1040,"13949 Metrotech Dr, Chantilly",https://maps.google.com/?cid=592110076644151286&g_mp=Cilnb29nbGUubWFwcy5wbGFjZXMudjEuUGxhY2VzLlNlYXJjaE5lYXJieRACGAQgAA,0.5699105559396724
Lebanese Kitchen Restaurant VA,Lebanese Restaurant,4.2,985,"13031 Lee Jackson Mem Hwy, Fairfax",https://maps.google.com/?cid=14570152788270696434&g_mp=Cilnb29nbGUubWFwcy5wbGFjZXMudjEuUGxhY2VzLlNlYXJjaE5lYXJieRACGAQgAA,0.5690745786129089
Blue Iguana,Restaurant,4.2,931,"12727 Shoppes Ln, Fairfax",https://maps.google.com/?cid=7168268439975026884&g_mp=Cilnb29nbGUubWFwcy5wbGFjZXMudjEuUGxhY2VzLlNlYXJjaE5lYXJieRACGAQgAA,0.5681824080641044
Thai Basil,Thai Restaurant,4.2,914,"14511 US-50 p, Chantilly",https://maps.google.com/?cid=5171557211232791860&g_mp=Cilnb29nbGUubWFwcy5wbGFjZXMudjEuUGxhY2VzLlNlYXJjaE5lYXJieRACGAQgAA,0.5678852285567617
곰순아 Gom Soon Ah,Korean Restaurant,4.4,54,"Food Court, Lotte Plaza, 13955 Metrotech Dr Ste 1, Chantilly",https://maps.google.com/?cid=14703704751143564248&g_mp=Cilnb29nbGUubWFwcy5wbGFjZXMudjEuUGxhY2VzLlNlYXJjaE5lYXJieRACGAQgAA,0.5678758582637444
El Granito de Oro,Restaurant,4.3,138,"14502-H, 14502-I Lee Rd, Chantilly",https://maps.google.com/?cid=9647867644783300366&g_mp=Cilnb29nbGUubWFwcy5wbGFjZXMudjEuUGxhY2VzLlNlYXJjaE5lYXJieRACGAQgAA,0.5673383987639689
Arby's,Fast Food Restaurant,4.2,753,"Shopping Center Dr, 4400 Chantilly Lace Ct, Chantilly",https://maps.google.com/?cid=11537639460934742160&g_mp=Cilnb29nbGUubWFwcy5wbGFjZXMudjEuUGxhY2VzLlNlYXJjaE5lYXJieRACGAQgAA,0.5645866694321001
Sheesh Grill - Chantilly,Middle Eastern Restaurant,4.2,679,"13940 Lee Jackson Memorial Hwy Service Rd, Chantilly",https://maps.google.com/?cid=4228854579728791553&g_mp=Cilnb29nbGUubWFwcy5wbGFjZXMudjEuUGxhY2VzLlNlYXJjaE5lYXJieRACGAQgAA,0.5626885031504272
54 Kitchen Grill & Bar,Vietnamese Restaurant,4.4,49,"13924 US-50, Chantilly",https://maps.google.com/?cid=11041005897612514199&g_mp=Cilnb29nbGUubWFwcy5wbGFjZXMudjEuUGxhY2VzLlNlYXJjaE5lYXJieRACGAQgAA,0.5610500629827572
Don Churro Restaurant,Peruvian Restaurant,4.2,551,"13905 Metrotech Dr, Chantilly",https://maps.google.com/?cid=14912321903931899476&g_mp=Cilnb29nbGUubWFwcy5wbGFjZXMudjEuUGxhY2VzLlNlYXJjaE5lYXJieRACGAQgAA,0.5585384753108167
Glory Days Grill,Sports Bar,4.2,479,"2567 John Milton Dr, Herndon",https://maps.google.com/?cid=3335414165057651409&g_mp=Cilnb29nbGUubWFwcy5wbGFjZXMudjEuUGxhY2VzLlNlYXJjaE5lYXJieRACGAQgAA,0.5555001824060726
Señor Ramon Taqueria,Mexican Restaurant,4.2,447,"4500 Daly Dr, Chantilly",https://maps.google.com/?cid=7119286664658048094&g_mp=Cilnb29nbGUubWFwcy5wbGFjZXMudjEuUGxhY2VzLlNlYXJjaE5lYXJieRACGAQgAA,0.5539187397309726
Pizza Boli's,Pizza Restaurant,4.2,404,"4500 Daly Dr Suite 220, Chantilly",https://maps.google.com/?cid=2288221676170006051&g_mp=Cilnb29nbGUubWFwcy5wbGFjZXMudjEuUGxhY2VzLlNlYXJjaE5lYXJieRACGAQgAA,0.5515034235830851
Starbucks Coffee Company,Coffee Shop,4.2,404,"12957 Fair Lakes Shopping Center, Fairfax",https://maps.google.com/?cid=18379925999151588251&g_mp=Cilnb29nbGUubWFwcy5wbGFjZXMudjEuUGxhY2VzLlNlYXJjaE5lYXJieRACGAQgAA,0.5515034235830851
Gangnam AYCE Buffet,Buffet Restaurant,4.3,97,"13948 Metrotech Dr, Chantilly",https://maps.google.com/?cid=9920721572909014091&g_mp=Cilnb29nbGUubWFwcy5wbGFjZXMudjEuUGxhY2VzLlNlYXJjaE5lYXJieRACGAQgAA,0.5510172188885782
sushi ohayo,Japanese Restaurant,4.2,347,"14410 Chantilly Crossing Ln, Chantilly",https://maps.google.com/?cid=6150742361984060536&g_mp=Cilnb29nbGUubWFwcy5wbGFjZXMudjEuUGxhY2VzLlNlYXJjaE5lYXJieRACGAQgAA,0.5476310605655876
Calletana's Peruvian Chicken & Cuisine,Peruvian Restaurant,4.2,330,"4300 Chantilly Shopping Center #2J, Chantilly",https://maps.google.com/?cid=13859025347632270260&g_mp=Cilnb29nbGUubWFwcy5wbGFjZXMudjEuUGxhY2VzLlNlYXJjaE5lYXJieRACGAQgAA,0.546285406341139
GolpoSholpo,Fast Food Restaurant,4.3,87,"13001 US-50 #1, Fairfax",https://maps.google.com/?cid=2141817894223826333&g_mp=Cilnb29nbGUubWFwcy5wbGFjZXMudjEuUGxhY2VzLlNlYXJjaE5lYXJieRACGAQgAA,0.5453683035253594
Paisano's Pizza,Italian Restaurant,4.2,288,"4078 Airline Pkwy, Chantilly",https://maps.google.com/?cid=18267215011957778406&g_mp=Cilnb29nbGUubWFwcy5wbGFjZXMudjEuUGxhY2VzLlNlYXJjaE5lYXJieRACGAQgAA,0.5424626248067199
Uncle Fred's BBQ Smoke Shack,Barbecue Restaurant,4.5,22,"South Park n Ride parking, lot, 2531 Reston Pkwy Reston, Herndon",https://maps.google.com/?cid=5126969244454207027&g_mp=Cilnb29nbGUubWFwcy5wbGFjZXMudjEuUGxhY2VzLlNlYXJjaE5lYXJieRACGAQgAA,0.5417984756639173
Felah Village Kebab & Steak,Turkish Restaurant,4.2,252,"14404 Chantilly Crossing Ln, Chantilly",https://maps.google.com/?cid=17239789100455575126&g_mp=Cilnb29nbGUubWFwcy5wbGFjZXMudjEuUGxhY2VzLlNlYXJjaE5lYXJieRACGAQgAA,0.5384497379129611
Bruster's Real Ice Cream,Ice Cream Shop,4.2,217,"3903 Fair Ridge Dr Ste S, Fairfax",https://maps.google.com/?cid=10262812165921799078&g_mp=Cilnb29nbGUubWFwcy5wbGFjZXMudjEuUGxhY2VzLlNlYXJjaE5lYXJieRACGAQgAA,0.5336250917688621
Asian Cafe Chantilly,Chinese Restaurant,4.3,70,"4300 Chantilly Shopping Center #1R, Chantilly",https://maps.google.com/?cid=32176445951078616&g_mp=Cilnb29nbGUubWFwcy5wbGFjZXMudjEuUGxhY2VzLlNlYXJjaE5lYXJieRACGAQgAA,0.5331271101075227
Roaming Rooster,Chicken Restaurant,4.2,196,"14394 Chantilly Crossing Ln, Chantilly",https://maps.google.com/?cid=3716714964758816276&g_mp=Cilnb29nbGUubWFwcy5wbGFjZXMudjEuUGxhY2VzLlNlYXJjaE5lYXJieRACGAQgAA,0.5301284810460162
Chennai Express Restaurant,Indian Restaurant,4.1,1479,"14516 Lee Rd Unit B, Chantilly",https://maps.google.com/?cid=10051531576370545869&g_mp=Cilnb29nbGUubWFwcy5wbGFjZXMudjEuUGxhY2VzLlNlYXJjaE5lYXJieRACGAQgAA,0.5245487022890201
Red Robin Gourmet Burgers and Brews,Restaurant,4.1,1230,"13056 Fair Lakes Shopping Center, Fairfax",https://maps.google.com/?cid=7090031288775023481&g_mp=Cilnb29nbGUubWFwcy5wbGFjZXMudjEuUGxhY2VzLlNlYXJjaE5lYXJieRACGAQgAA,0.5220847524501387
Starbucks Coffee Company,Coffee Shop,4.2,153,"2523 John Milton Dr, Herndon",https://maps.google.com/?cid=2318092050085586236&g_mp=Cilnb29nbGUubWFwcy5wbGFjZXMudjEuUGxhY2VzLlNlYXJjaE5lYXJieRACGAQgAA,0.5208420122031905
Playa Bowls,Restaurant,4.4,29,"13059 Lee Jackson Mem Hwy A, Fairfax",https://maps.google.com/?cid=2489502164889421992&g_mp=Cilnb29nbGUubWFwcy5wbGFjZXMudjEuUGxhY2VzLlNlYXJjaE5lYXJieRACGAQgAA,0.5181417382147295
Chutzpah Deli,Deli,4.1,907,"12214 Fairfax Towne Center, Fairfax",https://maps.google.com/?cid=16923809444066580332&g_mp=Cilnb29nbGUubWFwcy5wbGFjZXMudjEuUGxhY2VzLlNlYXJjaE5lYXJieRACGAQgAA,0.5174801234674166
Buffalo Wing Factory,American Restaurant,4.1,749,"13067 Lee Jackson Memorial Hwy Service Rd, Fairfax",https://maps.google.com/?cid=2309205693317224839&g_mp=Cilnb29nbGUubWFwcy5wbGFjZXMudjEuUGxhY2VzLlNlYXJjaE5lYXJieRACGAQgAA,0.514206694413129
Cholito Chicken,Peruvian Restaurant,4.2,126,"13912 Metrotech Dr, Chantilly",https://maps.google.com/?cid=1150572778005457633&g_mp=Cilnb29nbGUubWFwcy5wbGFjZXMudjEuUGxhY2VzLlNlYXJjaE5lYXJieRACGAQgAA,0.5127245411952344
"The Qui Korean BBQ & BAR | Korean BBQ Chantilly, VA",Restaurant,4.1,617,"13972 Metrotech Dr, Chantilly",https://maps.google.com/?cid=9378605710480186007&g_mp=Cilnb29nbGUubWFwcy5wbGFjZXMudjEuUGxhY2VzLlNlYXJjaE5lYXJieRACGAQgAA,0.5105562041908002
Starbucks Coffee Company,Coffee Shop,4.1,553,"4412 Chantilly Lace Ct, Chantilly",https://maps.google.com/?cid=11099122777182077412&g_mp=Cilnb29nbGUubWFwcy5wbGFjZXMudjEuUGxhY2VzLlNlYXJjaE5lYXJieRACGAQgAA,0.5083327141901393
Dunkin',Coffee Shop,4.1,500,"12701 Shoppes Ln, Fairfax",https://maps.google.com/?cid=2117246625461389139&g_mp=Cilnb29nbGUubWFwcy5wbGFjZXMudjEuUGxhY2VzLlNlYXJjaE5lYXJieRACGAQgAA,0.5061772177351763
Revash Restaurant & Catering,Peruvian Restaurant,4.1,412,"4445 Brookfield Corporate Dr, Chantilly",https://maps.google.com/?cid=3009464038309320850&g_mp=Cilnb29nbGUubWFwcy5wbGFjZXMudjEuUGxhY2VzLlNlYXJjaE5lYXJieRACGAQgAA,0.5017200382252389
The Gallery Cafe,Restaurant,4.4,24,"Conference Center Dr, Chantilly",https://maps.google.com/?cid=3485831237770190051&g_mp=Cilnb29nbGUubWFwcy5wbGFjZXMudjEuUGxhY2VzLlNlYXJjaE5lYXJieRACGAQgAA,0.49996201406247776
Wawa,Fast Food Restaurant,4.1,381,"3450 Historic Sully Way, Chantilly",https://maps.google.com/?cid=16168373690528020075&g_mp=Cilnb29nbGUubWFwcy5wbGFjZXMudjEuUGxhY2VzLlNlYXJjaE5lYXJieRACGAQgAA,0.4997940059060941
Tropical Smoothie Cafe,Juice Shop,4.1,311,"4500 Daly Dr, Chantilly",https://maps.google.com/?cid=16211259371573948954&g_mp=Cilnb29nbGUubWFwcy5wbGFjZXMudjEuUGxhY2VzLlNlYXJjaE5lYXJieRACGAQgAA,0.4944337629035732
Meokja 1.5,Korean Barbecue Restaurant,4.2,70,"13041 Lee Jackson Memorial Hwy Service Rd, Fairfax",https://maps.google.com/?cid=9666610603464743090&g_mp=Cilnb29nbGUubWFwcy5wbGFjZXMudjEuUGxhY2VzLlNlYXJjaE5lYXJieRACGAQgAA,0.4829379647735629
Capital Restaurant Group,Restaurant,4.7,7,"4465 Brookfield Corporate Dr Ste 202, Chantilly",https://maps.google.com/?cid=14064623800862393935&g_mp=Cilnb29nbGUubWFwcy5wbGFjZXMudjEuUGxhY2VzLlNlYXJjaE5lYXJieRACGAQgAA,0.47990100314644474
IHOP,Breakfast Restaurant,4,1869,"13804 Metrotech Dr, Chantilly",https://maps.google.com/?cid=16914029585473651168&g_mp=Cilnb29nbGUubWFwcy5wbGFjZXMudjEuUGxhY2VzLlNlYXJjaE5lYXJieRACGAQgAA,0.47735524699640103
Jersey Mike's Subs,Sandwich Shop,4.1,176,"5005 Westone Plz Unit B, Chantilly",https://maps.google.com/?cid=8608202138444032390&g_mp=Cilnb29nbGUubWFwcy5wbGFjZXMudjEuUGxhY2VzLlNlYXJjaE5lYXJieRACGAQgAA,0.4762147065362705
Hooters,Sports Bar,4,1614,"14441 Brookfield Tower Dr, Chantilly",https://maps.google.com/?cid=3389912584263729508&g_mp=Cilnb29nbGUubWFwcy5wbGFjZXMudjEuUGxhY2VzLlNlYXJjaE5lYXJieRACGAQgAA,0.4756359144864492
Gunnam Foods,Indian Restaurant,4.1,163,"4054 Walney Rd, Chantilly",https://maps.google.com/?cid=1715695672703782253&g_mp=Cilnb29nbGUubWFwcy5wbGFjZXMudjEuUGxhY2VzLlNlYXJjaE5lYXJieRACGAQgAA,0.47335098651695473
Corner Bakery Cafe,Cafe,4,742,"3903b Fair Ridge Dr, Fairfax",https://maps.google.com/?cid=4389170039883178134&g_mp=Cilnb29nbGUubWFwcy5wbGFjZXMudjEuUGxhY2VzLlNlYXJjaE5lYXJieRACGAQgAA,0.46411649682492245
Dumpling Queen,Chinese Restaurant,4,552,"13942 Metrotech Dr, Chantilly",https://maps.google.com/?cid=784953569474197358&g_mp=Cilnb29nbGUubWFwcy5wbGFjZXMudjEuUGxhY2VzLlNlYXJjaE5lYXJieRACGAQgAA,0.4584335794716226
Pho 98 Restaurant,Vietnamese Restaurant,4,427,"4090 Airline Pkwy, Chantilly",https://maps.google.com/?cid=5338707890487493454&g_mp=Cilnb29nbGUubWFwcy5wbGFjZXMudjEuUGxhY2VzLlNlYXJjaE5lYXJieRACGAQgAA,0.45278724413171784
Starbucks Coffee Company,Coffee Shop,4,347,"13360 Franklin Farm Rd, Herndon",https://maps.google.com/?cid=14752240556137958747&g_mp=Cilnb29nbGUubWFwcy5wbGFjZXMudjEuUGxhY2VzLlNlYXJjaE5lYXJieRACGAQgAA,0.4476806136820073
Skyhawk Local Vice,Corporate Office,5,3,"Parking lot, 3900 Skyhawk Dr, Chantilly",https://maps.google.com/?cid=5553476600734087561&g_mp=Cilnb29nbGUubWFwcy5wbGFjZXMudjEuUGxhY2VzLlNlYXJjaE5lYXJieRACGAQgAA,0.4385029682449545
Bobbys Bagel Cafe,Bagel Shop,4,230,"2571 John Milton Dr, Herndon",https://maps.google.com/?cid=3085069702174691569&g_mp=Cilnb29nbGUubWFwcy5wbGFjZXMudjEuUGxhY2VzLlNlYXJjaE5lYXJieRACGAQgAA,0.4359148596910899
Potbelly,Sandwich Shop,4,227,"14396 Chantilly Crossing Ln, Chantilly",https://maps.google.com/?cid=4961863087392325462&g_mp=Cilnb29nbGUubWFwcy5wbGFjZXMudjEuUGxhY2VzLlNlYXJjaE5lYXJieRACGAQgAA,0.4354997808454727
Quickway Japanese Hibachi,Japanese Restaurant,4,226,"5045 Westfields Blvd, Centreville",https://maps.google.com/?cid=1560103771485016283&g_mp=Cilnb29nbGUubWFwcy5wbGFjZXMudjEuUGxhY2VzLlNlYXJjaE5lYXJieRACGAQgAA,0.4353596185475164
Jimmy John's,Sandwich Shop,4,214,"4300 Chantilly Shopping Center Suite 1F/1G, Chantilly",https://maps.google.com/?cid=592406647886444426&g_mp=Cilnb29nbGUubWFwcy5wbGFjZXMudjEuUGxhY2VzLlNlYXJjaE5lYXJieRACGAQgAA,0.4336030963436888
My Burger Sports Bar,Sports Bar,4.2,34,"14513 Lee Jackson Mem Hwy, Chantilly",https://maps.google.com/?cid=10462339221510771069&g_mp=Cilnb29nbGUubWFwcy5wbGFjZXMudjEuUGxhY2VzLlNlYXJjaE5lYXJieRACGAQgAA,0.43343069060422473
Popeyes Louisiana Kitchen,Chicken Restaurant,3.9,899,"3075 Centreville Rd, Herndon",https://maps.google.com/?cid=10068232334463366888&g_mp=Cilnb29nbGUubWFwcy5wbGFjZXMudjEuUGxhY2VzLlNlYXJjaE5lYXJieRACGAQgAA,0.41776090629253865
Taco Bell / Pizza Hut,Fast Food Restaurant,3.9,771,"4418 Chantilly Lace Ct, Chantilly",https://maps.google.com/?cid=11016588037056303523&g_mp=Cilnb29nbGUubWFwcy5wbGFjZXMudjEuUGxhY2VzLlNlYXJjaE5lYXJieRACGAQgAA,0.41521788641323093
Campesino chicken,Peruvian Restaurant,4,126,"5049 Westfields Blvd, Centreville",https://maps.google.com/?cid=16175998447619062348&g_mp=Cilnb29nbGUubWFwcy5wbGFjZXMudjEuUGxhY2VzLlNlYXJjaE5lYXJieRACGAQgAA,0.4139974353838817
Asian Garden,Chinese Restaurant,4,114,"Centreville Rd, Herndon",https://maps.google.com/?cid=11433933125254409094&g_mp=Cilnb29nbGUubWFwcy5wbGFjZXMudjEuUGxhY2VzLlNlYXJjaE5lYXJieRACGAQgAA,0.409724679232304
Chipotle Mexican Grill,Fast Food Restaurant,3.9,530,"13354 Franklin Farm Rd, Herndon",https://maps.google.com/?cid=13430198651915136362&g_mp=Cilnb29nbGUubWFwcy5wbGFjZXMudjEuUGxhY2VzLlNlYXJjaE5lYXJieRACGAQgAA,0.40815659939295607
Pastry Corner Cafe & Lounge,Indian Restaurant,3.9,516,"14027 Lee Jackson Mem Hwy, Chantilly",https://maps.google.com/?cid=3760896253870748244&g_mp=Cilnb29nbGUubWFwcy5wbGFjZXMudjEuUGxhY2VzLlNlYXJjaE5lYXJieRACGAQgAA,0.40760172960529595
Saravanaa Bhavan,Restaurant,3.9,472,"14392 Chantilly Crossing Ln, Chantilly",https://maps.google.com/?cid=7474328430806712261&g_mp=Cilnb29nbGUubWFwcy5wbGFjZXMudjEuUGxhY2VzLlNlYXJjaE5lYXJieRACGAQgAA,0.40570213218737505
Noodles and Company,Restaurant,3.9,363,"12961 Fair Lakes Shopping Center, Fairfax",https://maps.google.com/?cid=7516260442225755256&g_mp=Cilnb29nbGUubWFwcy5wbGFjZXMudjEuUGxhY2VzLlNlYXJjaE5lYXJieRACGAQgAA,0.39961166819387556
Bonchon Herndon,Korean Restaurant,3.9,359,"13320 Franklin Farm Rd Ste E, Herndon",https://maps.google.com/?cid=7843410074676340959&g_mp=Cilnb29nbGUubWFwcy5wbGFjZXMudjEuUGxhY2VzLlNlYXJjaE5lYXJieRACGAQgAA,0.39933755059918835
Starbucks Coffee Company,Coffee Shop,3.9,353,"13037-A Lee Jackson Mem Hwy Spc A, Fairfax",https://maps.google.com/?cid=5252904793500026057&g_mp=Cilnb29nbGUubWFwcy5wbGFjZXMudjEuUGxhY2VzLlNlYXJjaE5lYXJieRACGAQgAA,0.39891782458415714
Clay Pot,Indian Restaurant,3.9,285,"3061 Centreville Rd Ste C, Herndon",https://maps.google.com/?cid=12107006367530609826&g_mp=Cilnb29nbGUubWFwcy5wbGFjZXMudjEuUGxhY2VzLlNlYXJjaE5lYXJieRACGAQgAA,0.39328833904168237
Jimmy John's,Sandwich Shop,4,78,"13048 Fair Lakes Shopping Center, Fairfax",https://maps.google.com/?cid=18095261619158922331&g_mp=Cilnb29nbGUubWFwcy5wbGFjZXMudjEuUGxhY2VzLlNlYXJjaE5lYXJieRACGAQgAA,0.39167432239746397
Panera Bread,Cafe,4,67,"14423 Chantilly Crossing Ln, Chantilly",https://maps.google.com/?cid=625324289632175391&g_mp=Cilnb29nbGUubWFwcy5wbGFjZXMudjEuUGxhY2VzLlNlYXJjaE5lYXJieRACGAQgAA,0.3835674665403804
Taco Bell,Fast Food Restaurant,3.8,1334,"12811 Federal Systems Park Dr, Fairfax",https://maps.google.com/?cid=14328200936762642584&g_mp=Cilnb29nbGUubWFwcy5wbGFjZXMudjEuUGxhY2VzLlNlYXJjaE5lYXJieRACGAQgAA,0.37403423369698957
Hunan Cafe,Chinese Restaurant,3.9,149,"4096 Majestic Ln, Fairfax",https://maps.google.com/?cid=3289965566272097739&g_mp=Cilnb29nbGUubWFwcy5wbGFjZXMudjEuUGxhY2VzLlNlYXJjaE5lYXJieRACGAQgAA,0.3723760770057547
Subway,Sandwich Shop,4,50,"2527 John Milton Dr #4, Herndon",https://maps.google.com/?cid=5442709423117892676&g_mp=Cilnb29nbGUubWFwcy5wbGFjZXMudjEuUGxhY2VzLlNlYXJjaE5lYXJieRACGAQgAA,0.3664451431682858
Taco Bell,Fast Food Restaurant,3.8,676,"13800 Metrotech Dr, Chantilly",https://maps.google.com/?cid=5469618668943649995&g_mp=Cilnb29nbGUubWFwcy5wbGFjZXMudjEuUGxhY2VzLlNlYXJjaE5lYXJieRACGAQgAA,0.3637351124544038
Gangnam Buffet,Asian Restaurant,5,2,"13948 Metrotech Dr, Chantilly",https://maps.google.com/?cid=355121699559413133&g_mp=Cilnb29nbGUubWFwcy5wbGFjZXMudjEuUGxhY2VzLlNlYXJjaE5lYXJieRACGAQgAA,0.3423802275066531
Thai Tyme,Thai Restaurant,3.8,248,"14335-14350, 14385 Newbrook Dr, Chantilly",https://maps.google.com/?cid=3960032182725800599&g_mp=Cilnb29nbGUubWFwcy5wbGFjZXMudjEuUGxhY2VzLlNlYXJjaE5lYXJieRACGAQgAA,0.34100128636831395
Applebee's Grill + Bar,Restaurant,3.7,964,"12970 Fair Lakes Shopping Center, Fairfax",https://maps.google.com/?cid=1262921340381866498&g_mp=Cilnb29nbGUubWFwcy5wbGFjZXMudjEuUGxhY2VzLlNlYXJjaE5lYXJieRACGAQgAA,0.32054000693722784
Two Amigos Restaurant,Mexican Restaurant,3.7,954,"4300 Chantilly Shopping Center Unit 2a, Chantilly",https://maps.google.com/?cid=13340864264312942628&g_mp=Cilnb29nbGUubWFwcy5wbGFjZXMudjEuUGxhY2VzLlNlYXJjaE5lYXJieRACGAQgAA,0.32038967702540955
Popeyes Louisiana Kitchen,Chicken Restaurant,3.7,940,"13051 Lee Jackson Memorial Hwy Service Rd, Fairfax",https://maps.google.com/?cid=7076882873663273278&g_mp=Cilnb29nbGUubWFwcy5wbGFjZXMudjEuUGxhY2VzLlNlYXJjaE5lYXJieRACGAQgAA,0.3201752689857278
Peru Fiesta II,Peruvian Restaurant,3.7,749,"5005 Westone Plz D, Chantilly",https://maps.google.com/?cid=2162765345268438274&g_mp=Cilnb29nbGUubWFwcy5wbGFjZXMudjEuUGxhY2VzLlNlYXJjaE5lYXJieRACGAQgAA,0.31668562754579
Taste of Hong Kong,Chinese Restaurant,3.7,562,"13912 Lee Jackson Mem Hwy, Chantilly",https://maps.google.com/?cid=16116432421596210517&g_mp=Cilnb29nbGUubWFwcy5wbGFjZXMudjEuUGxhY2VzLlNlYXJjaE5lYXJieRACGAQgAA,0.3117052515695017
Dunkin',Coffee Shop,3.7,272,"Greenbriar Shopping Center, 13061 Lee Jackson Mem Hwy, Fairfax",https://maps.google.com/?cid=13076797231985573090&g_mp=Cilnb29nbGUubWFwcy5wbGFjZXMudjEuUGxhY2VzLlNlYXJjaE5lYXJieRACGAQgAA,0.2957630805994122
McDonald's,Fast Food Restaurant,3.6,1298,"4424 Brookfield Corporate Dr, Chantilly",https://maps.google.com/?cid=235210933146760643&g_mp=Cilnb29nbGUubWFwcy5wbGFjZXMudjEuUGxhY2VzLlNlYXJjaE5lYXJieRACGAQgAA,0.27569007992006933
McDonald's,Fast Food Restaurant,3.6,983,"13003 Lee Jackson Memorial Hwy Service Rd, Fairfax",https://maps.google.com/?cid=6618413770041027796&g_mp=Cilnb29nbGUubWFwcy5wbGFjZXMudjEuUGxhY2VzLlNlYXJjaE5lYXJieRACGAQgAA,0.2721766290409876
Dunkin',Coffee Shop,3.6,622,"13902 Lee Jackson Memorial Hwy Service Rd, Chantilly",https://maps.google.com/?cid=7496356341571244563&g_mp=Cilnb29nbGUubWFwcy5wbGFjZXMudjEuUGxhY2VzLlNlYXJjaE5lYXJieRACGAQgAA,0.26530405934239976
Wendy's,Fast Food Restaurant,3.6,582,"4070 Airline Pkwy, Chantilly",https://maps.google.com/?cid=9690612531401370680&g_mp=Cilnb29nbGUubWFwcy5wbGFjZXMudjEuUGxhY2VzLlNlYXJjaE5lYXJieRACGAQgAA,0.26418025459008077
China Taste,Chinese Restaurant,3.7,101,"12717 Shoppes Ln, Fairfax",https://maps.google.com/?cid=14053582277113992230&g_mp=Cilnb29nbGUubWFwcy5wbGFjZXMudjEuUGxhY2VzLlNlYXJjaE5lYXJieRACGAQgAA,0.26403050704901393
Wendy's,Fast Food Restaurant,3.6,534,"14445 Brookfield Tower Dr, Chantilly",https://maps.google.com/?cid=6279213126848831294&g_mp=Cilnb29nbGUubWFwcy5wbGFjZXMudjEuUGxhY2VzLlNlYXJjaE5lYXJieRACGAQgAA,0.2626736442248727
Panda Express,Chinese Restaurant,3.6,366,"13059 Lee Jackson Mem Hwy, Fairfax",https://maps.google.com/?cid=4611889904352203993&g_mp=Cilnb29nbGUubWFwcy5wbGFjZXMudjEuUGxhY2VzLlNlYXJjaE5lYXJieRACGAQgAA,0.25532762204278425
Bismillah Groceries & Halal Meat,Grocery Store,3.6,104,"14513 Lee Jackson Mem Hwy, Chantilly",https://maps.google.com/?cid=14652188850127432215&g_mp=Cilnb29nbGUubWFwcy5wbGFjZXMudjEuUGxhY2VzLlNlYXJjaE5lYXJieRACGAQgAA,0.22034155569624764
Chipotle Mexican Grill,Fast Food Restaurant,3.5,655,"13042 Fair Lakes Shopping Center, Fairfax",https://maps.google.com/?cid=15752917181294934689&g_mp=Cilnb29nbGUubWFwcy5wbGFjZXMudjEuUGxhY2VzLlNlYXJjaE5lYXJieRACGAQgAA,0.21836132264062888
Chipotle Mexican Grill,Fast Food Restaurant,3.5,623,"14383 Newbrook Dr Ste 100, Chantilly",https://maps.google.com/?cid=2246535162393182131&g_mp=Cilnb29nbGUubWFwcy5wbGFjZXMudjEuUGxhY2VzLlNlYXJjaE5lYXJieRACGAQgAA,0.21759979299165846
Subway,Sandwich Shop,3.6,96,"13320 Franklin Farm Rd Spc 18, Herndon",https://maps.google.com/?cid=15018414657976632879&g_mp=Cilnb29nbGUubWFwcy5wbGFjZXMudjEuUGxhY2VzLlNlYXJjaE5lYXJieRACGAQgAA,0.21747822178947204
Wendy's,Fast Food Restaurant,3.5,401,"13030 Fair Lakes Shopping Center, Fairfax",https://maps.google.com/?cid=1094783031589811214&g_mp=Cilnb29nbGUubWFwcy5wbGFjZXMudjEuUGxhY2VzLlNlYXJjaE5lYXJieRACGAQgAA,0.21012557888037187
Subway,Sandwich Shop,3.6,78,"13926 Lee Jackson Mem Hwy Store No. 17, Chantilly",https://maps.google.com/?cid=16390524361781872067&g_mp=Cilnb29nbGUubWFwcy5wbGFjZXMudjEuUGxhY2VzLlNlYXJjaE5lYXJieRACGAQgAA,0.2096626084012919
Paisano’s Pizza,Pizza Restaurant,5,1,"12715 Shoppes Ln, Fairfax",https://maps.google.com/?cid=11303333994067535988&g_mp=Cilnb29nbGUubWFwcy5wbGFjZXMudjEuUGxhY2VzLlNlYXJjaE5lYXJieRACGAQgAA,0.20654931437723742
Rosella's Cafe,Restaurant,5,1,"14501 George Carter Way, Chantilly",https://maps.google.com/?cid=7923466225105765673&g_mp=Cilnb29nbGUubWFwcy5wbGFjZXMudjEuUGxhY2VzLlNlYXJjaE5lYXJieRACGAQgAA,0.20654931437723742
Fuego & Maiz,Restaurant,3.9,8,"14511 US-50 Ste C, Chantilly",https://maps.google.com/?cid=2143084409241473054&g_mp=Cilnb29nbGUubWFwcy5wbGFjZXMudjEuUGxhY2VzLlNlYXJjaE5lYXJieRACGAQgAA,0.18240006012171517
Chipotle Mexican Grill,Fast Food Restaurant,3.4,893,"14416 Chantilly Crossing Ln, Chantilly",https://maps.google.com/?cid=2300214772442322955&g_mp=Cilnb29nbGUubWFwcy5wbGFjZXMudjEuUGxhY2VzLlNlYXJjaE5lYXJieRACGAQgAA,0.1750746470398763
McDonald's,Fast Food Restaurant,3.3,1505,"12700 Shoppes Ln, Fairfax",https://maps.google.com/?cid=11656536594649249009&g_mp=Cilnb29nbGUubWFwcy5wbGFjZXMudjEuUGxhY2VzLlNlYXJjaE5lYXJieRACGAQgAA,0.13285211126710197
Subway,Sandwich Shop,3.4,73,"5047 Westfields Blvd, Centreville",https://maps.google.com/?cid=1525089402102655406&g_mp=Cilnb29nbGUubWFwcy5wbGFjZXMudjEuUGxhY2VzLlNlYXJjaE5lYXJieRACGAQgAA,0.12431326332937649
Burger King,Fast Food Restaurant,3.3,456,"13040 Fair Lakes Shopping Center, Fairfax",https://maps.google.com/?cid=388309137318065104&g_mp=Cilnb29nbGUubWFwcy5wbGFjZXMudjEuUGxhY2VzLlNlYXJjaE5lYXJieRACGAQgAA,0.12015698009964727
Punjabi By Nature,Indian Restaurant,3.3,453,"13955 Metrotech Dr, Chantilly",https://maps.google.com/?cid=14261243877709737270&g_mp=Cilnb29nbGUubWFwcy5wbGFjZXMudjEuUGxhY2VzLlNlYXJjaE5lYXJieRACGAQgAA,0.12006790992494355
Burger King,Restaurant,3.3,449,"3035 Centreville Road Mclearen Square, Oak Hill",https://maps.google.com/?cid=3145442962952705804&g_mp=Cilnb29nbGUubWFwcy5wbGFjZXMudjEuUGxhY2VzLlNlYXJjaE5lYXJieRACGAQgAA,0.11994786181912438
Taco Bell,Fast Food Restaurant,3.3,266,"3019 Centreville Rd, Herndon",https://maps.google.com/?cid=9882856877680988495&g_mp=Cilnb29nbGUubWFwcy5wbGFjZXMudjEuUGxhY2VzLlNlYXJjaE5lYXJieRACGAQgAA,0.11208837269428312
Hibachi Buffet & Grill,Restaurant,3.2,1570,"13948 Metrotech Dr, Chantilly",https://maps.google.com/?cid=9309828962400609239&g_mp=Cilnb29nbGUubWFwcy5wbGFjZXMudjEuUGxhY2VzLlNlYXJjaE5lYXJieRACGAQgAA,0.08612281759734129
Domino's Pizza,Pizza Delivery,3.2,396,"13053 US-50 B, Fairfax",https://maps.google.com/?cid=14314317315546831195&g_mp=Cilnb29nbGUubWFwcy5wbGFjZXMudjEuUGxhY2VzLlNlYXJjaE5lYXJieRACGAQgAA,0.07418763745141961
Vocelli Pizza Herndon,Pizza Restaurant,3.2,70,"3065 T Centreville Rd, Herndon",https://maps.google.com/?cid=13352129524748896542&g_mp=Cilnb29nbGUubWFwcy5wbGFjZXMudjEuUGxhY2VzLlNlYXJjaE5lYXJieRACGAQgAA,0.04928930144253958
7-Eleven,Convenience Store,3.2,36,"14515 Lee Jackson Mem Hwy, Chantilly",https://maps.google.com/?cid=5427759233007551766&g_mp=Cilnb29nbGUubWFwcy5wbGFjZXMudjEuUGxhY2VzLlNlYXJjaE5lYXJieRACGAQgAA,0.03774520744417233
7-Eleven,Convenience Store,1.6,7,"13300 Franklin Farm Rd, Herndon",https://maps.google.com/?cid=11323850070995898027&g_mp=Cilnb29nbGUubWFwcy5wbGFjZXMudjEuUGxhY2VzLlNlYXJjaE5lYXJieRACGAQgAA,3.584186086443356e-17
7-Eleven,Convenience Store,2,25,"13617 Lee Jackson Mem Hwy, Chantilly",https://maps.google.com/?cid=2521903566380787130&g_mp=Cilnb29nbGUubWFwcy5wbGFjZXMudjEuUGxhY2VzLlNlYXJjaE5lYXJieRACGAQgAA,1.2029374011637166e-17
Papa Johns Pizza,Pizza Restaurant,3,153,"2571 John Milton Dr, Herndon",https://maps.google.com/?cid=4322191851785083898&g_mp=Cilnb29nbGUubWFwcy5wbGFjZXMudjEuUGxhY2VzLlNlYXJjaE5lYXJieRACGAQgAA,1.6922355467751628e-18
Subway,Sandwich Shop,3,114,"4368 Chantilly Shopping Center, Chantilly",https://maps.google.com/?cid=3038595731904525957&g_mp=Cilnb29nbGUubWFwcy5wbGFjZXMudjEuUGxhY2VzLlNlYXJjaE5lYXJieRACGAQgAA,0.0
ZENSHI Handcrafted Sushi,Restaurant,3,1,"3905 Fair Ridge Dr, Fairfax",https://maps.google.com/?cid=16482092102937933294&g_mp=Cilnb29nbGUubWFwcy5wbGFjZXMudjEuUGxhY2VzLlNlYXJjaE5lYXJieRACGAQgAA,0.0
Papa Johns Pizza,Pizza Restaurant,2.9,191,"13886 Metrotech Dr, Chantilly",https://maps.google.com/?cid=6486858117232038600&g_mp=Cilnb29nbGUubWFwcy5wbGFjZXMudjEuUGxhY2VzLlNlYXJjaE5lYXJieRACGAQgAA,0.0
Shake Shack Air and Space Museum,Hamburger Restaurant,2.9,181,"14390 Air and Space Museum Pkwy, Chantilly",https://maps.google.com/?cid=15623612534354023409&g_mp=Cilnb29nbGUubWFwcy5wbGFjZXMudjEuUGxhY2VzLlNlYXJjaE5lYXJieRACGAQgAA,0.0
7-Eleven,Convenience Store,2.9,55,"Shopping Ctr, 4086 Majestic Ln Greenbriar, Fairfax",https://maps.google.com/?cid=14253226680820206430&g_mp=Cilnb29nbGUubWFwcy5wbGFjZXMudjEuUGxhY2VzLlNlYXJjaE5lYXJieRACGAQgAA,0.0
7-Eleven,Convenience Store,2.9,23,"2990 Centreville Rd, Herndon",https://maps.google.com/?cid=9484601544419869457&g_mp=Cilnb29nbGUubWFwcy5wbGFjZXMudjEuUGxhY2VzLlNlYXJjaE5lYXJieRACGAQgAA,0.0
7-Eleven,Convenience Store,2.7,41,"12730 Shoppes Ln, Fairfax",https://maps.google.com/?cid=18207587772801801118&g_mp=Cilnb29nbGUubWFwcy5wbGFjZXMudjEuUGxhY2VzLlNlYXJjaE5lYXJieRACGAQgAA,0.0
7-Eleven,Convenience Store,2.7,40,"2601 Quincy Adams Dr, Herndon",https://maps.google.com/?cid=8385283931462470639&g_mp=Cilnb29nbGUubWFwcy5wbGFjZXMudjEuUGxhY2VzLlNlYXJjaE5lYXJieRACGAQgAA,0.0
Domino's Pizza,Pizza Delivery,2.5,267,"3063 Centreville Rd Ste C, Herndon",https://maps.google.com/?cid=6468721050440378697&g_mp=Cilnb29nbGUubWFwcy5wbGFjZXMudjEuUGxhY2VzLlNlYXJjaE5lYXJieRACGAQgAA,0.0
7-Eleven,Convenience Store,2.4,78,"13990 Metrotech Dr, Chantilly",https://maps.google.com/?cid=15239776930151848789&g_mp=Cilnb29nbGUubWFwcy5wbGFjZXMudjEuUGxhY2VzLlNlYXJjaE5lYXJieRACGAQgAA,0.0
Corner Shoppe,Takeout Restaurant,2,2,"2551 John Milton Dr, Herndon",https://maps.google.com/?cid=3004969079255440893&g_mp=Cilnb29nbGUubWFwcy5wbGFjZXMudjEuUGxhY2VzLlNlYXJjaE5lYXJieRACGAQgAA,0.0
SEOUL KITHCEN BY OHMANI BOP,Korean Restaurant,2,1,"13934 Metrotech Dr, Chantilly",https://maps.google.com/?cid=431338476461071199&g_mp=Cilnb29nbGUubWFwcy5wbGFjZXMudjEuUGxhY2VzLlNlYXJjaE5lYXJieRACGAQgAA,0.0
The Bistro - Eat. Drink. Connect.®,American Restaurant,1.5,4,"3935 Centerview Dr, Chantilly",https://maps.google.com/?cid=13952115758579283895&g_mp=Cilnb29nbGUubWFwcy5wbGFjZXMudjEuUGxhY2VzLlNlYXJjaE5lYXJieRACGAQgAA,0.0
Farmer's Fridge,Restaurant,1,1,"Located in the tenant lounge, 12150 Monument Dr, Fairfax",https://maps.google.com/?cid=17654541610586867942&g_mp=Cilnb29nbGUubWFwcy5wbGFjZXMudjEuUGxhY2VzLlNlYXJjaE5lYXJieRACGAQgAA,0.0
Pizza,Family Restaurant,,,"13053B US-50, Fairfax",https://maps.google.com/?cid=2797673451708509530&g_mp=Cilnb29nbGUubWFwcy5wbGFjZXMudjEuUGxhY2VzLlNlYXJjaE5lYXJieRACGAQgAA,
MLB Ballpark Bites,American Restaurant,,,"13804 Metrotech Dr, Chantilly",https://maps.google.com/?cid=17601616249190460673&g_mp=Cilnb29nbGUubWFwcy5wbGFjZXMudjEuUGxhY2VzLlNlYXJjaE5lYXJieRACGAQgAA,
Ohmani Bap,Korean Restaurant,,,"13934 Metrotech Dr, Chantilly",https://maps.google.com/?cid=17933097881565493595&g_mp=Cilnb29nbGUubWFwcy5wbGFjZXMudjEuUGxhY2VzLlNlYXJjaE5lYXJieRACGAQgAA,
Oaks Café,Restaurant,,,"3600 Joseph Siewick Dr, Fairfax",https://maps.google.com/?cid=17912744819766618473&g_mp=Cilnb29nbGUubWFwcy5wbGFjZXMudjEuUGxhY2VzLlNlYXJjaE5lYXJieRACGAQgAA,
Yi’s Traditional Korean Beef Soup,Korean Restaurant,,,"14200 Sullyfield Cir, Chantilly",https://maps.google.com/?cid=11026848910274240568&g_mp=Cilnb29nbGUubWFwcy5wbGFjZXMudjEuUGxhY2VzLlNlYXJjaE5lYXJieRACGAQgAA,
Restaurante peruano,Restaurant,,,"4445 Brookfield Corporate Dr, Chantilly",https://maps.google.com/?cid=12045024626632727319&g_mp=Cilnb29nbGUubWFwcy5wbGFjZXMudjEuUGxhY2VzLlNlYXJjaE5lYXJieRACGAQgAA,
Levant (Coming Soon),Shawarma restaurant,,,"3065 Centreville Rd, Herndon",https://maps.google.com/?cid=15914953590558818404&g_mp=Cilnb29nbGUubWFwcy5wbGFjZXMudjEuUGxhY2VzLlNlYXJjaE5lYXJieRACGAQgAA,
The Garden Grille & Bar,Restaurant,,,"Located in the Hilton Garden Inn Fairfax, 3950 Fair Ridge Dr, Fairfax",https://maps.google.com/?cid=2846349376429130046&g_mp=Cilnb29nbGUubWFwcy5wbGFjZXMudjEuUGxhY2VzLlNlYXJjaE5lYXJieRACGAQgAA,
Chay Restaurant,Vietnamese Restaurant,,,"5005 Westone Plz, Centreville",https://maps.google.com/?cid=12247967392090450417&g_mp=Cilnb29nbGUubWFwcy5wbGFjZXMudjEuUGxhY2VzLlNlYXJjaE5lYXJieRACGAQgAA,
New Hunan village,Chinese Restaurant,,,"14513 Lee Jackson Mem Hwy, Chantilly",https://maps.google.com/?cid=3944279714689941367&g_mp=Cilnb29nbGUubWFwcy5wbGFjZXMudjEuUGxhY2VzLlNlYXJjaE5lYXJieRACGAQgAA,
7-Eleven,Convenience Store,3,47,"14533 Lee Rd, Chantilly",https://maps.google.com/?cid=17800756959114785732&g_mp=Cilnb29nbGUubWFwcy5wbGFjZXMudjEuUGxhY2VzLlNlYXJjaE5lYXJieRACGAQgAA,-6.4146077049798385e-18
